1;Jacinto;jacinto@gmail.com;1.jpg;
2;Jeremias;jeremias@gmail.com;2.jpg;
3;Jeronimo;jeronimo@gmail.com;3.jpg;
4;German;german@gmail.com;4.jpg;
5;Jacinto;jacinto2@gmail.com;5.jpg;
6;Javier;javier@gmail.com;6.jpg;
7;Gesualdo;gesu@gmail.com;7.jpg;
8;Gilberto;gilbe@gmail.com;8.jpg;
